respondent_id,loglik,n_events,rlh
17,-30.385658,36,0.429967
18,-50.360892,36,0.246865
19,-47.316936,36,0.268646
20,-35.712675,36,0.370827
21,-49.699971,36,0.251439
22,-35.278191,36,0.375330
23,-47.611039,36,0.266461
24,-47.329489,36,0.268553
25,-59.689440,36,0.190512
26,-59.562894,36,0.191183
27,-40.696268,36,0.322887
29,-47.423645,36,0.267851
30,-35.415556,36,0.373901
31,-52.192302,36,0.234620
32,-30.182937,36,0.432395
33,-35.899506,36,0.368908
34,-35.716961,36,0.370783
35,-67.835426,36,0.151933
36,-35.690805,36,0.371053
37,-50.896331,36,0.243220
38,-51.908158,36,0.236480
39,-50.711857,36,0.244470
40,-46.067969,36,0.278130
41,-60.776526,36,0.184845
42,-50.996965,36,0.242542
43,-35.327517,36,0.374816
44,-38.852052,36,0.339859
46,-58.929688,36,0.194575
49,-46.509005,36,0.274744
50,-123.822260,36,0.032080
51,-67.924252,36,0.151558
52,-46.088648,36,0.277971
54,-30.597903,36,0.427440
55,-50.797749,36,0.243887
57,-59.047553,36,0.193939
60,-58.500295,36,0.196910
61,-61.082455,36,0.183281
63,-58.898239,36,0.194745
64,-50.300478,36,0.247280
66,-50.486060,36,0.246008
67,-70.852743,36,0.139718
68,-38.787522,36,0.340469
69,-36.801689,36,0.359778
70,-39.382969,36,0.334884
71,-40.914572,36,0.320935
72,-30.576436,36,0.427695
74,-50.182335,36,0.248092
75,-69.525782,36,0.144964
76,-35.876471,36,0.369144
77,-68.388770,36,0.149615
78,-45.007575,36,0.286445
79,-35.693481,36,0.371025
80,-35.757286,36,0.370368
82,-36.674003,36,0.361056
83,-40.915071,36,0.320931
84,-46.357738,36,0.275901
85,-35.232293,36,0.375809
86,-36.036803,36,0.367504
87,-46.001274,36,0.278646
93,-38.970911,36,0.338739
96,-35.119285,36,0.376990
97,-45.880698,36,0.279581
98,-39.901058,36,0.330099
99,-68.640931,36,0.148571
100,-104.245498,36,0.055260
101,-59.265672,36,0.192768
102,-30.772054,36,0.425377
103,-35.323096,36,0.374862
105,-105.452924,36,0.053437
106,-46.222940,36,0.276936
108,-38.949979,36,0.338936
110,-58.761570,36,0.195486
111,-59.148872,36,0.193394
112,-36.962053,36,0.358179
113,-58.980863,36,0.194299
114,-60.842772,36,0.184505
115,-40.735920,36,0.322532
119,-58.806928,36,0.195240
122,-35.944987,36,0.368442
124,-46.158553,36,0.277431
125,-35.342725,36,0.374658
126,-59.184321,36,0.193204
127,-122.609343,36,0.033180
129,-58.580609,36,0.196471
130,-40.279303,36,0.326649
131,-36.900542,36,0.358791
132,-35.813370,36,0.369792
133,-121.710877,36,0.034018
135,-46.064343,36,0.278158
136,-104.539361,36,0.054811
137,-36.128941,36,0.366564
138,-35.978197,36,0.368102
139,-50.899071,36,0.243202
140,-35.648459,36,0.371489
141,-67.966101,36,0.151382
142,-52.331318,36,0.233716
144,-36.873752,36,0.359058
145,-30.435244,36,0.429375
146,-39.466936,36,0.334104
147,-45.001741,36,0.286491
148,-50.539419,36,0.245644
149,-104.554290,36,0.054788
150,-122.147330,36,0.033608
151,-59.086056,36,0.193732
152,-46.152334,36,0.277479
154,-35.251712,36,0.375606
155,-52.264506,36,0.234150
156,-58.331580,36,0.197835
157,-36.073671,36,0.367127
158,-68.138153,36,0.150660
159,-58.400384,36,0.197457
161,-65.462636,36,0.162284
162,-35.241389,36,0.375714
163,-123.677752,36,0.032210
165,-35.931338,36,0.368582
166,-39.191724,36,0.336668
168,-58.859327,36,0.194956
169,-95.696055,36,0.070073
170,-50.125156,36,0.248487
171,-50.475476,36,0.246080
172,-36.000542,36,0.367874
173,-45.440245,36,0.283022
174,-60.885678,36,0.184286
175,-36.033630,36,0.367536
176,-39.684017,36,0.332095
177,-58.604825,36,0.196339
178,-46.333390,36,0.276087
179,-59.083963,36,0.193743
180,-61.139594,36,0.182990
181,-41.432221,36,0.316354
182,-38.827660,36,0.340090
183,-35.629780,36,0.371682
184,-121.371601,36,0.034340
185,-51.894162,36,0.236572
186,-30.469137,36,0.428971
187,-50.420023,36,0.246460
188,-30.314255,36,0.430821
189,-47.399960,36,0.268028
190,-52.257839,36,0.234194
191,-41.142654,36,0.318908
192,-35.544487,36,0.372564
193,-35.433700,36,0.373712
194,-50.676784,36,0.244708
196,-45.380823,36,0.283490
197,-35.651181,36,0.371461
198,-203.546335,36,0.003503
200,-39.517291,36,0.333637
201,-40.557964,36,0.324130
203,-40.727309,36,0.322609
204,-49.537710,36,0.252575
205,-49.878262,36,0.250197
206,-68.897215,36,0.147517
207,-36.884761,36,0.358948
208,-39.031247,36,0.338172
209,-39.487340,36,0.333914
210,-35.976800,36,0.368117
211,-68.888985,36,0.147551
212,-58.608463,36,0.196319
213,-35.836424,36,0.369555
214,-41.010975,36,0.320077
215,-68.177155,36,0.150497
216,-58.885544,36,0.194814
219,-35.896112,36,0.368943
220,-30.646410,36,0.426864
221,-40.638928,36,0.323402
222,-35.674406,36,0.371222
223,-47.840456,36,0.264768
224,-68.618276,36,0.148664
225,-104.765517,36,0.054467
226,-97.249121,36,0.067114
227,-50.664733,36,0.244790
228,-60.806825,36,0.184690
229,-59.194712,36,0.193148
230,-30.296958,36,0.431028
231,-46.092477,36,0.277941
232,-36.838148,36,0.359413
233,-35.315542,36,0.374941
234,-30.797237,36,0.425080
235,-46.017467,36,0.278521
236,-121.418879,36,0.034295
237,-50.687909,36,0.244633
238,-50.711847,36,0.244470
241,-35.625336,36,0.371728
242,-50.660497,36,0.244819
243,-45.729519,36,0.280757
244,-50.754970,36,0.244177
245,-35.735899,36,0.370588
246,-38.735508,36,0.340961
249,-67.668795,36,0.152638
250,-68.411982,36,0.149519
251,-58.953172,36,0.194448
252,-35.657139,36,0.371400
254,-58.286067,36,0.198085
255,-59.213608,36,0.193047
256,-106.109378,36,0.052472
257,-60.454639,36,0.186505
259,-35.565513,36,0.372346
260,-35.485614,36,0.373174
261,-58.138770,36,0.198897
262,-52.500391,36,0.232621
263,-51.192693,36,0.241226
264,-46.397040,36,0.275599
266,-50.712844,36,0.244463
267,-59.282861,36,0.192676
268,-68.409174,36,0.149531
269,-174.908063,36,0.007762
270,-51.145715,36,0.241541
271,-35.793925,36,0.369991
272,-35.436701,36,0.373681
273,-35.368126,36,0.374393
274,-36.486601,36,0.362940
275,-121.387036,36,0.034326
276,-35.219145,36,0.375946
277,-50.600385,36,0.245228
278,-121.745128,36,0.033986
279,-50.428057,36,0.246405
280,-57.868568,36,0.200396
281,-35.872330,36,0.369186
282,-35.804264,36,0.369885
283,-50.128672,36,0.248463
284,-35.736170,36,0.370585
285,-30.266028,36,0.431399
286,-59.392855,36,0.192088
287,-104.539197,36,0.054811
288,-45.500293,36,0.282551
290,-106.596351,36,0.051767
291,-121.161961,36,0.034541
293,-36.016363,36,0.367712
294,-51.995505,36,0.235907
295,-45.712157,36,0.280893
296,-97.171190,36,0.067259
297,-50.924158,36,0.243033
299,-40.654718,36,0.323260
300,-50.872133,36,0.243384
301,-35.920808,36,0.368690
302,-46.521377,36,0.274649
303,-39.092672,36,0.337595
304,-50.078834,36,0.248807
305,-30.720236,36,0.425990
306,-58.665369,36,0.196009
307,-204.633761,36,0.003399
308,-59.049063,36,0.193931
309,-46.104248,36,0.277850
310,-123.190578,36,0.032648
311,-35.696054,36,0.370999
312,-68.188632,36,0.150449
313,-50.979306,36,0.242661
314,-36.000340,36,0.367876
315,-47.807337,36,0.265012
316,-36.029897,36,0.367574
317,-39.263038,36,0.336001
318,-35.993905,36,0.367942
320,-59.221609,36,0.193004
321,-35.382335,36,0.374246
322,-68.987267,36,0.147149
324,-45.418154,36,0.283196
325,-106.721213,36,0.051587
326,-45.990361,36,0.278730
328,-50.473886,36,0.246091
329,-30.710436,36,0.426106
331,-203.719972,36,0.003486
332,-46.362766,36,0.275862
333,-39.283312,36,0.335812
334,-122.969549,36,0.032849
336,-59.269990,36,0.192745
337,-35.683006,36,0.371133
338,-58.134437,36,0.198921
339,-49.686481,36,0.251533
341,-35.733239,36,0.370616
342,-39.022270,36,0.338256
343,-30.453696,36,0.429155
345,-173.173982,36,0.008145
346,-38.711729,36,0.341187
347,-52.132376,36,0.235011
348,-30.218951,36,0.431963
349,-121.788446,36,0.033945
350,-59.001151,36,0.194189
351,-36.812058,36,0.359674
352,-45.496462,36,0.282581
353,-68.233974,36,0.150260
354,-35.382712,36,0.374242
355,-50.042314,36,0.249059
356,-47.546420,36,0.266939
357,-39.334150,36,0.335338
358,-60.962460,36,0.183893
360,-36.877214,36,0.359024
361,-50.589612,36,0.245302
362,-35.213020,36,0.376010
363,-38.913442,36,0.339280
364,-70.815643,36,0.139862
365,-35.906143,36,0.368840
372,-35.828057,36,0.369641
373,-50.192844,36,0.248020
374,-40.674612,36,0.323082
375,-51.131885,36,0.241634
376,-50.637312,36,0.244977
377,-30.363027,36,0.430238
378,-30.304118,36,0.430942
379,-122.195944,36,0.033563
380,-39.082808,36,0.337688
381,-60.864837,36,0.184392
382,-39.157676,36,0.336986
383,-69.014134,36,0.147039
384,-35.663634,36,0.371333
385,-45.607096,36,0.281714
386,-59.077844,36,0.193776
388,-45.922758,36,0.279254
389,-46.115765,36,0.277761
390,-40.692226,36,0.322924
391,-45.871639,36,0.279651
392,-35.856670,36,0.369347
393,-35.526125,36,0.372754
394,-36.984760,36,0.357953
395,-36.632268,36,0.361475
396,-58.811398,36,0.195216
397,-51.903855,36,0.236508
398,-39.570118,36,0.333148
399,-45.410838,36,0.283254
400,-29.969921,36,0.434961
402,-67.982391,36,0.151314
403,-59.227553,36,0.192972
404,-50.095357,36,0.248693
405,-60.975101,36,0.183828
409,-67.923917,36,0.151560
410,-52.066979,36,0.235439
411,-30.537836,36,0.428154
412,-68.163361,36,0.150555
414,-68.032058,36,0.151105
415,-60.900965,36,0.184207
419,-39.527047,36,0.333546
420,-30.550441,36,0.428004
421,-35.328295,36,0.374808
423,-69.602190,36,0.144656
424,-31.574033,36,0.416006
426,-122.419499,36,0.033355
428,-35.789501,36,0.370037
430,-30.690653,36,0.426340
431,-35.678016,36,0.371185
432,-59.384389,36,0.192133
433,-50.198791,36,0.247979
434,-46.404265,36,0.275544
436,-39.590164,36,0.332962
437,-59.496559,36,0.191535
438,-35.762263,36,0.370317
439,-50.791717,36,0.243928
440,-35.815073,36,0.369774
441,-50.320532,36,0.247142
442,-203.338413,36,0.003524
443,-174.897510,36,0.007764
444,-59.387139,36,0.192119
445,-59.151937,36,0.193378
446,-36.783378,36,0.359961
447,-60.872312,36,0.184354
448,-47.637646,36,0.266264
449,-39.002492,36,0.338442
451,-58.379590,36,0.197571
453,-50.813103,36,0.243783
454,-30.412200,36,0.429650
455,-204.118204,36,0.003448
457,-30.544466,36,0.428075
458,-45.828555,36,0.279986
459,-68.090305,36,0.150861
460,-35.534427,36,0.372668
461,-58.520359,36,0.196800
462,-30.193601,36,0.432267
463,-47.547274,36,0.266933
464,-51.195074,36,0.241210
465,-35.752196,36,0.370420
466,-105.532166,36,0.053320
467,-35.749413,36,0.370449
468,-46.174971,36,0.277305
469,-35.610102,36,0.371885
470,-68.785771,36,0.147974
471,-59.087041,36,0.193727
472,-35.747012,36,0.370474
475,-38.961107,36,0.338831
476,-47.518941,36,0.267143
477,-50.949031,36,0.242865
478,-35.332105,36,0.374768
479,-45.873557,36,0.279636
480,-35.853754,36,0.369377
481,-69.139375,36,0.146528
482,-36.826500,36,0.359530
483,-39.308503,36,0.335577
484,-39.812473,36,0.330912
486,-61.001942,36,0.183691
488,-105.468130,36,0.053415
489,-35.985214,36,0.368031
490,-58.308600,36,0.197961
491,-35.812988,36,0.369795
494,-36.836341,36,0.359431
495,-35.826247,36,0.369659
496,-106.122934,36,0.052452
497,-68.614510,36,0.148680
498,-68.837319,36,0.147763
499,-35.614258,36,0.371842
500,-58.429107,36,0.197300
501,-122.791331,36,0.033012
502,-122.285321,36,0.033480
503,-35.771109,36,0.370226
504,-46.110044,36,0.277805
505,-58.698941,36,0.195827
506,-47.317740,36,0.268640
507,-50.780014,36,0.244008
508,-39.001981,36,0.338447
509,-68.769397,36,0.148042
510,-35.973743,36,0.368148
511,-45.626857,36,0.281559
512,-30.408550,36,0.429694
513,-59.960330,36,0.189084
514,-45.752276,36,0.280580
515,-58.547396,36,0.196653
517,-104.696931,36,0.054571
518,-35.592343,36,0.372069
519,-58.647932,36,0.196104
520,-35.884055,36,0.369066
521,-59.026384,36,0.194053
522,-68.377736,36,0.149661
524,-68.283059,36,0.150055
525,-35.699911,36,0.370959
527,-52.411101,36,0.233199
528,-68.506854,36,0.149125
530,-51.841451,36,0.236918
532,-58.733087,36,0.195641
533,-58.876325,36,0.194864
534,-36.075088,36,0.367113
535,-49.775227,36,0.250914
538,-39.932697,36,0.329809
539,-35.771617,36,0.370221
540,-35.296638,36,0.375138
541,-35.727502,36,0.370675
542,-39.388627,36,0.334831
543,-35.884166,36,0.369065
545,-35.454419,36,0.373497
546,-104.909186,36,0.054250
547,-68.010095,36,0.151197
548,-122.747750,36,0.033052
549,-30.549743,36,0.428012
550,-49.638912,36,0.251866
552,-68.604034,36,0.148723
553,-50.268966,36,0.247496
554,-122.208972,36,0.033551
555,-35.043226,36,0.377788
556,-98.192050,36,0.065379
557,-38.904294,36,0.339366
558,-35.705736,36,0.370899
559,-40.884359,36,0.321205
561,-45.900074,36,0.279430
562,-59.325793,36,0.192446
563,-47.587659,36,0.266634
564,-36.945386,36,0.358344
565,-39.744860,36,0.331534
566,-47.562247,36,0.266822
567,-46.326683,36,0.276139
568,-58.741280,36,0.195596
569,-60.697351,36,0.185252
570,-45.651742,36,0.281365
575,-71.009943,36,0.139109
576,-37.011157,36,0.357690
578,-40.863465,36,0.321391
579,-58.558653,36,0.196591
580,-52.839201,36,0.230442
582,-68.705310,36,0.148306
583,-103.456591,36,0.056484
584,-39.527975,36,0.333538
585,-35.524358,36,0.372772
587,-30.406854,36,0.429714
588,-46.353640,36,0.275932
589,-47.609287,36,0.266474
590,-104.341572,36,0.055113
593,-59.238916,36,0.192911
595,-39.112302,36,0.337411
596,-45.989081,36,0.278740
597,-58.712707,36,0.195752
598,-30.325987,36,0.430681
599,-36.929369,36,0.358504
600,-106.330495,36,0.052150
601,-46.139804,36,0.277576
602,-50.821731,36,0.243725
603,-45.985354,36,0.278769
604,-58.154957,36,0.198808
605,-35.739927,36,0.370547
606,-50.537952,36,0.245654
607,-45.121696,36,0.285538
609,-38.920912,36,0.339210
610,-58.353628,36,0.197714
611,-36.942261,36,0.358376
612,-47.478717,36,0.267442
613,-36.006644,36,0.367812
614,-35.160820,36,0.376556
615,-60.642910,36,0.185532
616,-39.194166,36,0.336645
617,-36.070250,36,0.367162
618,-35.690891,36,0.371052
619,-50.799638,36,0.243875
620,-36.137619,36,0.366476
621,-30.365950,36,0.430203
622,-35.118133,36,0.377002
623,-58.473320,36,0.197058
624,-35.874398,36,0.369165
626,-30.283012,36,0.431195
627,-176.433052,36,0.007440
628,-39.044227,36,0.338050
629,-68.134495,36,0.150676
630,-36.894919,36,0.358847
631,-47.612959,36,0.266446
632,-40.556802,36,0.324141
633,-51.010746,36,0.242449
634,-68.331256,36,0.149854
635,-61.176855,36,0.182801
637,-61.591502,36,0.180708
638,-38.844629,36,0.339929
639,-46.039383,36,0.278351
640,-49.769924,36,0.250951
642,-46.202084,36,0.277096
643,-35.967039,36,0.368216
644,-46.296841,36,0.276368
645,-59.227745,36,0.192971
646,-35.304478,36,0.375056
648,-174.555525,36,0.007838
649,-59.104950,36,0.193630
650,-106.194746,36,0.052347
651,-35.690099,36,0.371060
652,-36.270632,36,0.365124
654,-51.254128,36,0.240815
655,-60.290475,36,0.187358
657,-50.676829,36,0.244708
658,-59.394131,36,0.192081
659,-31.023536,36,0.422416
660,-50.650589,36,0.244886
661,-51.089782,36,0.241917
662,-50.644747,36,0.244926
663,-50.131613,36,0.248442
664,-36.919630,36,0.358601
665,-35.673618,36,0.371230
666,-35.721923,36,0.370732
667,-45.719407,36,0.280836
668,-58.407344,36,0.197419
669,-35.242216,36,0.375705
670,-105.676839,36,0.053106
672,-122.243325,36,0.033519
673,-58.879355,36,0.194848
674,-30.420067,36,0.429557
675,-36.723726,36,0.360558
676,-51.991018,36,0.235936
677,-35.293817,36,0.375167
678,-47.399224,36,0.268033
680,-39.528011,36,0.333537
681,-50.829721,36,0.243671
682,-52.474686,36,0.232787
683,-67.901474,36,0.151654
685,-40.780584,36,0.322132
686,-107.189635,36,0.050920
687,-46.127546,36,0.277670
688,-39.797515,36,0.331050
689,-50.582955,36,0.245347
690,-50.614834,36,0.245130
691,-59.036656,36,0.193998
692,-58.713356,36,0.195748
693,-61.203433,36,0.182666
694,-39.043867,36,0.338053
695,-67.988051,36,0.151290
696,-61.137852,36,0.182999
697,-106.721726,36,0.051587
699,-35.690112,36,0.371060
701,-38.823310,36,0.340131
702,-45.365789,36,0.283608
703,-50.610055,36,0.245162
704,-50.159247,36,0.248252
705,-39.226980,36,0.336338
706,-30.299107,36,0.431002
707,-35.438320,36,0.373664
708,-174.762668,36,0.007793
710,-175.872494,36,0.007557
711,-121.853499,36,0.033884
712,-59.020658,36,0.194084
713,-45.498151,36,0.282568
714,-51.051181,36,0.242177
715,-49.822994,36,0.250581
716,-69.187541,36,0.146332
717,-67.784398,36,0.152148
718,-52.633228,36,0.231764
719,-58.962661,36,0.194397
721,-68.557464,36,0.148916
722,-39.461758,36,0.334152
723,-45.902458,36,0.279412
724,-50.955282,36,0.242823
725,-36.893957,36,0.358857
726,-58.692682,36,0.195861
727,-50.323698,36,0.247120
729,-97.596910,36,0.066469
730,-122.396730,36,0.033376
731,-67.177100,36,0.154737
732,-35.575937,36,0.372239
733,-45.567547,36,0.282023
734,-52.477476,36,0.232769
738,-35.807267,36,0.369854
739,-174.438476,36,0.007864
740,-68.001298,36,0.151234
742,-30.652406,36,0.426793
743,-50.675307,36,0.244718
744,-35.574557,36,0.372253
745,-50.505659,36,0.245874
746,-45.462466,36,0.282848
747,-50.450186,36,0.246253
748,-47.418634,36,0.267889
749,-35.470883,36,0.373326
750,-37.062491,36,0.357181
751,-30.382657,36,0.430003
752,-35.806745,36,0.369860
753,-122.117768,36,0.033636
754,-67.594695,36,0.152952
755,-50.717080,36,0.244435
756,-58.737823,36,0.195615
757,-50.415437,36,0.246491
759,-35.475553,36,0.373278
760,-35.589131,36,0.372102
761,-59.183692,36,0.193207
763,-58.365159,36,0.197651
765,-58.868618,36,0.194906
766,-69.301931,36,0.145868
768,-51.949667,36,0.236207
771,-35.670848,36,0.371258
772,-35.885586,36,0.369050
773,-105.180119,36,0.053844
774,-35.901645,36,0.368886
775,-50.359927,36,0.246872
776,-174.334348,36,0.007886
777,-38.731955,36,0.340995
778,-58.841094,36,0.195055
779,-52.278159,36,0.234062
780,-45.822509,36,0.280033
782,-35.831083,36,0.369610
783,-40.820894,36,0.321771
784,-204.359659,36,0.003425
785,-59.450908,36,0.191779
786,-50.212475,36,0.247885
787,-35.988356,36,0.367998
788,-58.250132,36,0.198283
789,-59.005167,36,0.194168
790,-60.759552,36,0.184932
791,-52.263713,36,0.234156
792,-36.048848,36,0.367381
793,-203.389538,36,0.003519
795,-39.571485,36,0.333135
796,-35.551995,36,0.372486
797,-35.268994,36,0.375426
798,-39.095991,36,0.337564
799,-50.144155,36,0.248356
800,-35.655926,36,0.371412
801,-97.724611,36,0.066233
802,-46.324593,36,0.276155
803,-50.476461,36,0.246074
804,-36.095059,36,0.366909
805,-35.663624,36,0.371333
806,-35.916776,36,0.368731
807,-30.696754,36,0.426268
808,-47.474335,36,0.267474
809,-50.513411,36,0.245821
810,-50.710840,36,0.244477
811,-59.676207,36,0.190582
812,-35.879394,36,0.369114
813,-121.672788,36,0.034054
814,-59.118839,36,0.193556
815,-30.155264,36,0.432728
816,-37.215427,36,0.355666
817,-35.612544,36,0.371860
818,-52.177357,36,0.234718
819,-52.127823,36,0.235041
820,-58.072439,36,0.199264
825,-39.862983,36,0.330448
826,-45.381773,36,0.283483
827,-59.295861,36,0.192606
828,-30.376056,36,0.430082
829,-68.110070,36,0.150778
831,-39.268530,36,0.335950
832,-35.614734,36,0.371838
833,-58.609925,36,0.196311
834,-58.893205,36,0.194773
835,-60.378005,36,0.186903
836,-46.037422,36,0.278366
837,-61.090900,36,0.183238
838,-58.913707,36,0.194662
839,-36.849320,36,0.359302
840,-40.652309,36,0.323282
841,-35.663327,36,0.371336
842,-50.609529,36,0.245166
843,-106.460410,36,0.051962
844,-35.478689,36,0.373245
845,-30.546015,36,0.428056
846,-35.966382,36,0.368223
847,-36.827457,36,0.359520
849,-39.050491,36,0.337991
851,-201.201212,36,0.003739
852,-45.971177,36,0.278879
853,-122.206601,36,0.033553
854,-68.907834,36,0.147474
855,-122.464179,36,0.033314
856,-67.875463,36,0.151764
857,-50.364961,36,0.246837
859,-59.186837,36,0.193190
860,-58.366187,36,0.197645
861,-49.511249,36,0.252761
862,-68.335269,36,0.149838
863,-39.563652,36,0.333207
864,-36.060177,36,0.367265
865,-52.428362,36,0.233087
866,-38.825669,36,0.340108
867,-35.422079,36,0.373833
868,-58.176461,36,0.198689
869,-47.375472,36,0.268210
870,-45.950926,36,0.279036
871,-68.023701,36,0.151140
872,-30.464943,36,0.429021
873,-39.818168,36,0.330860
874,-174.935402,36,0.007756
875,-46.070091,36,0.278114
876,-35.904178,36,0.368860
877,-47.204632,36,0.269486
878,-106.144463,36,0.052421
879,-35.757780,36,0.370363
880,-50.754937,36,0.244178
881,-57.959633,36,0.199890
882,-50.898942,36,0.243203
883,-67.836283,36,0.151929
886,-50.119642,36,0.248525
887,-49.929707,36,0.249840
888,-122.909190,36,0.032905
890,-35.695984,36,0.370999
891,-36.968813,36,0.358111
892,-40.782011,36,0.322119
893,-68.368802,36,0.149698
894,-35.965656,36,0.368231
895,-175.240093,36,0.007690
896,-35.415391,36,0.373902
897,-59.239972,36,0.192906
899,-39.342287,36,0.335263
905,-50.572199,36,0.245420
908,-106.474906,36,0.051942
910,-36.712672,36,0.360668
911,-36.050608,36,0.367363
912,-35.259328,36,0.375527
913,-61.049431,36,0.183449
914,-40.917708,36,0.320907
915,-35.301052,36,0.375092
916,-59.207630,36,0.193079
917,-50.294519,36,0.247321
919,-203.519603,36,0.003506
920,-122.489666,36,0.033290
921,-35.659673,36,0.371374
923,-39.098084,36,0.337545
924,-35.756987,36,0.370371
925,-47.695490,36,0.265836
926,-45.868420,36,0.279676
927,-47.506404,36,0.267236
928,-61.001610,36,0.183693
929,-30.812240,36,0.424903
930,-40.665859,36,0.323160
931,-40.535168,36,0.324335
932,-50.692131,36,0.244604
933,-59.283547,36,0.192672
934,-47.637266,36,0.266267
935,-58.347068,36,0.197750
936,-51.995259,36,0.235908
937,-52.366230,36,0.233490
938,-47.426093,36,0.267833
939,-50.081756,36,0.248787
940,-49.942587,36,0.249750
941,-49.995070,36,0.249386
942,-50.824359,36,0.243707
944,-106.591275,36,0.051774
945,-38.804113,36,0.340312
946,-58.321381,36,0.197891
947,-69.102300,36,0.146679
948,-69.039881,36,0.146934
949,-104.774571,36,0.054454
952,-40.561829,36,0.324095
953,-45.206691,36,0.284865
954,-69.087760,36,0.146738
955,-47.960972,36,0.263883
957,-202.990865,36,0.003558
958,-52.395904,36,0.233297
959,-35.305315,36,0.375047
960,-45.459565,36,0.282871
961,-39.491879,36,0.333872
962,-59.349130,36,0.192321
963,-35.807771,36,0.369849
966,-58.224956,36,0.198422
967,-39.638847,36,0.332512
968,-46.113770,36,0.277777
969,-50.732165,36,0.244332
970,-38.922644,36,0.339193
971,-39.734135,36,0.331633
972,-68.166045,36,0.150544
974,-47.718522,36,0.265666
975,-60.819597,36,0.184624
976,-68.329641,36,0.149861
977,-46.088986,36,0.277968
978,-49.990889,36,0.249415
979,-50.488318,36,0.245993
980,-47.358840,36,0.268334
981,-46.387938,36,0.275669
982,-50.876223,36,0.243356
984,-47.776503,36,0.265239
985,-39.010392,36,0.338368
986,-45.052190,36,0.286090
987,-50.790630,36,0.243936
988,-36.988170,36,0.357919
989,-35.814795,36,0.369777
990,-49.936160,36,0.249795
991,-47.486858,36,0.267381
992,-58.338902,36,0.197795
993,-49.986434,36,0.249446
994,-45.862170,36,0.279725
996,-122.410263,36,0.033364
997,-68.838893,36,0.147756
999,-123.211291,36,0.032630
1000,-31.024933,36,0.422400
1001,-39.651589,36,0.332394
1002,-50.149534,36,0.248319
1003,-45.509147,36,0.282481
1005,-59.139063,36,0.193447
1007,-58.900327,36,0.194734
1008,-52.194316,36,0.234607
1009,-35.500659,36,0.373018
1010,-45.945927,36,0.279075
1011,-35.623099,36,0.371751
1012,-40.864201,36,0.321385
1013,-58.608851,36,0.196317
1014,-50.703075,36,0.244530
1016,-107.158870,36,0.050964
1017,-58.551863,36,0.196628
1019,-47.568011,36,0.266779
1020,-38.904784,36,0.339362
1021,-35.896597,36,0.368938
1022,-69.377733,36,0.145561
1024,-30.959814,36,0.423164
1025,-46.104694,36,0.277847
1026,-39.576816,36,0.333086
1027,-59.087921,36,0.193722
1028,-61.085501,36,0.183265
1029,-39.349126,36,0.335199
1030,-68.541576,36,0.148982
1031,-30.312383,36,0.430843
1032,-35.842810,36,0.369489
1033,-35.683500,36,0.371128
1034,-46.247035,36,0.276750
1035,-30.644078,36,0.426892
1036,-61.176986,36,0.182800
1037,-35.986299,36,0.368019
1038,-40.965821,36,0.320479
1039,-50.888478,36,0.243274
1040,-47.389145,36,0.268108
1041,-57.902719,36,0.200206
1042,-35.513101,36,0.372889
1043,-35.702557,36,0.370932
1046,-50.795578,36,0.243902
1047,-35.610357,36,0.371883
1048,-35.235904,36,0.375771
1049,-30.652099,36,0.426797
1050,-36.923311,36,0.358564
1051,-49.676541,36,0.251603
1052,-47.423833,36,0.267850
1053,-35.483074,36,0.373200
1054,-58.326122,36,0.197865
1055,-35.737746,36,0.370569
1056,-30.653375,36,0.426782
1057,-35.835101,36,0.369568
1059,-50.352267,36,0.246924
1060,-30.371387,36,0.430138
1061,-40.360209,36,0.325916
1062,-69.341797,36,0.145706
1063,-60.481386,36,0.186367
1064,-35.435468,36,0.373694
1065,-35.988360,36,0.367998
1067,-105.199811,36,0.053814
1068,-35.916305,36,0.368736
1069,-58.932849,36,0.194558
1070,-49.913922,36,0.249949
1071,-174.901196,36,0.007763
1072,-36.989936,36,0.357901
1073,-40.866367,36,0.321365
1074,-58.368082,36,0.197635
1075,-41.104874,36,0.319243
1076,-60.779037,36,0.184832
1077,-35.686697,36,0.371095
1078,-35.920598,36,0.368692
1079,-61.394342,36,0.181700
1080,-45.448710,36,0.282956
1081,-35.887310,36,0.369033
1083,-70.559784,36,0.140859
1084,-61.110820,36,0.183137
1085,-59.578043,36,0.191102
1086,-38.828514,36,0.340082
1087,-47.780619,36,0.265208
1088,-36.051288,36,0.367356
1089,-69.371184,36,0.145588
1090,-46.397785,36,0.275594
1091,-47.335543,36,0.268508
1092,-47.524217,36,0.267104
1093,-35.637661,36,0.371601
1094,-59.583666,36,0.191073
1099,-50.804544,36,0.243841
1102,-39.108991,36,0.337442
1103,-30.839881,36,0.424576
1104,-35.928718,36,0.368609
1105,-35.810407,36,0.369822
1106,-36.078350,36,0.367080
1107,-31.047380,36,0.422136
1108,-35.615535,36,0.371829
1110,-104.457468,36,0.054935
1111,-50.319605,36,0.247148
1113,-58.162651,36,0.198766
1114,-35.948832,36,0.368403
1115,-36.003211,36,0.367847
1116,-52.400682,36,0.233266
1117,-35.961628,36,0.368272
1118,-35.803018,36,0.369898
1120,-59.296393,36,0.192603
1121,-68.578936,36,0.148827
1124,-39.242292,36,0.336195
1125,-35.808473,36,0.369842
1126,-35.618311,36,0.371801
1127,-59.044982,36,0.193953
1128,-39.871380,36,0.330371
1131,-35.945666,36,0.368435
1133,-39.769008,36,0.331312
1134,-35.468327,36,0.373353
1135,-35.789106,36,0.370041
1136,-35.769369,36,0.370244
1137,-68.911934,36,0.147457
1138,-39.593245,36,0.332934
1139,-59.163287,36,0.193317
1140,-59.131146,36,0.193490
1141,-45.516958,36,0.282420
1142,-38.704429,36,0.341256
1143,-35.496363,36,0.373062
1144,-30.743926,36,0.425710
1146,-50.872956,36,0.243378
1147,-30.364272,36,0.430223
1149,-39.833377,36,0.330720
1150,-35.998323,36,0.367897
1151,-58.452048,36,0.197174
1152,-67.989581,36,0.151284
1153,-50.522872,36,0.245757
1154,-51.015154,36,0.242419
1156,-40.557027,36,0.324139
1158,-30.353967,36,0.430346
1159,-30.750867,36,0.425627
1166,-35.331309,36,0.374777
1168,-49.913982,36,0.249949
1169,-35.456153,36,0.373479
1171,-47.614946,36,0.266432
1173,-45.840288,36,0.279895
1174,-35.427958,36,0.373772
1175,-58.959853,36,0.194412
1176,-50.092827,36,0.248710
1177,-35.904990,36,0.368852
1178,-47.629367,36,0.266325
1179,-39.022983,36,0.338249
1180,-58.236039,36,0.198361
1182,-38.942768,36,0.339004
1183,-37.148107,36,0.356332
1184,-50.353470,36,0.246916
1185,-30.393682,36,0.429872
1186,-39.802729,36,0.331002
1187,-58.677692,36,0.195942
1188,-35.573545,36,0.372263
1189,-105.381249,36,0.053544
1190,-51.878499,36,0.236675
1191,-47.527657,36,0.267078
1192,-35.801191,36,0.369917
1193,-39.697978,36,0.331966
1194,-40.627477,36,0.323505
1195,-58.974643,36,0.194333
1196,-68.041037,36,0.151067
1197,-45.671338,36,0.281211
1198,-59.119868,36,0.193550
1199,-52.392503,36,0.233319
1200,-52.736375,36,0.231101
1201,-69.256945,36,0.146050
1203,-51.012017,36,0.242440
1204,-35.953945,36,0.368350
1206,-38.668942,36,0.341592
1207,-59.235232,36,0.192931
1208,-39.212134,36,0.336477
1209,-57.781653,36,0.200880
1210,-59.424495,36,0.191919
1211,-106.805692,36,0.051466
1212,-40.635412,36,0.323434
1213,-61.027640,36,0.183560
1216,-50.407611,36,0.246545
1217,-36.084810,36,0.367014
1218,-38.879158,36,0.339603
1223,-47.234157,36,0.269265
1224,-47.690177,36,0.265875
1225,-36.728719,36,0.360508
1226,-50.432125,36,0.246377
1227,-59.503783,36,0.191497
1228,-50.227850,36,0.247779
1229,-58.498834,36,0.196918
1230,-39.357460,36,0.335121
1231,-60.483346,36,0.186357
1232,-70.511969,36,0.141046
1233,-47.296063,36,0.268802
1234,-59.413095,36,0.191980
1235,-106.257401,36,0.052256
1236,-50.755253,36,0.244175
1238,-59.378158,36,0.192166
1239,-61.193167,36,0.182718
1240,-36.781234,36,0.359982
1242,-51.848081,36,0.236875
1244,-40.963246,36,0.320502
1246,-46.017390,36,0.278521
1247,-46.184990,36,0.277228
1248,-35.675407,36,0.371211
1249,-50.888833,36,0.243271
1250,-36.798889,36,0.359806
1252,-35.963449,36,0.368253
1253,-35.475272,36,0.373281
1254,-35.435036,36,0.373698
1255,-61.166223,36,0.182855
1256,-52.341322,36,0.233651
1257,-36.953311,36,0.358266
1258,-30.310077,36,0.430871
1259,-68.961640,36,0.147253
1260,-35.479561,36,0.373236
1261,-35.760900,36,0.370331
1262,-47.420941,36,0.267871
1264,-45.943256,36,0.279095
1265,-51.899885,36,0.236534
1266,-59.191846,36,0.193164
1267,-45.503390,36,0.282526
1268,-59.446811,36,0.191800
1269,-40.139564,36,0.327919
1270,-50.834158,36,0.243641
1271,-45.795568,36,0.280243
1272,-50.171801,36,0.248165
1273,-35.865999,36,0.369251
1275,-30.384990,36,0.429975
1276,-35.883483,36,0.369072
1277,-59.032574,36,0.194020
1278,-121.475885,36,0.034241
1279,-47.038809,36,0.270730
1280,-47.641185,36,0.266238
1281,-52.166985,36,0.234786
1282,-59.326325,36,0.192443
1283,-52.434192,36,0.233049
1284,-35.452501,36,0.373517
1285,-35.457696,36,0.373463
1286,-30.661352,36,0.426687
1287,-50.518571,36,0.245786
1288,-60.682761,36,0.185327
1289,-34.996204,36,0.378281
1290,-39.674821,36,0.332180
1292,-70.507283,36,0.141065
1293,-39.598540,36,0.332885
1294,-67.446425,36,0.153583
1295,-30.152612,36,0.432760
1296,-52.502347,36,0.232608
1297,-40.781759,36,0.322121
1298,-40.838680,36,0.321613
1299,-36.098017,36,0.366879
1301,-35.824646,36,0.369676
1303,-60.100788,36,0.188348
1305,-45.970026,36,0.278888
1306,-35.774982,36,0.370186
1307,-50.810413,36,0.243802
1308,-104.983274,36,0.054139
1310,-175.758205,36,0.007581
1311,-45.953607,36,0.279015
1313,-67.809689,36,0.152041
1314,-35.597380,36,0.372017
1315,-39.163366,36,0.336933
1317,-38.911675,36,0.339297
1318,-35.985000,36,0.368033
1319,-58.465667,36,0.197100
1320,-46.139526,36,0.277578
1321,-52.500358,36,0.232621
1322,-68.886007,36,0.147563
1323,-31.042057,36,0.422199
1324,-45.486166,36,0.282662
1325,-38.863103,36,0.339755
1326,-68.774200,36,0.148022
1327,-68.645260,36,0.148553
1331,-36.053728,36,0.367331
1333,-58.085314,36,0.199193
1334,-47.514716,36,0.267175
1335,-50.805516,36,0.243835
1336,-58.804777,36,0.195252
1337,-50.612315,36,0.245147
1338,-45.923174,36,0.279251
1339,-45.358596,36,0.283665
1340,-45.767346,36,0.280463
1342,-35.955912,36,0.368330
1345,-35.720649,36,0.370745
1346,-58.830425,36,0.195113
1348,-52.841146,36,0.230430
1349,-35.804506,36,0.369883
1351,-58.868796,36,0.194905
1352,-35.597934,36,0.372011
1353,-38.664822,36,0.341631
1355,-40.684073,36,0.322997
1356,-35.832881,36,0.369591
1357,-37.229857,36,0.355524
1358,-61.238456,36,0.182488
1359,-45.914512,36,0.279318
1360,-40.837450,36,0.321624
1362,-104.304678,36,0.055169
1363,-52.354970,36,0.233563
1364,-35.932828,36,0.368567
1366,-30.425624,36,0.429490
1367,-30.497653,36,0.428632
1368,-50.783502,36,0.243984
1369,-35.434901,36,0.373700
1370,-50.744063,36,0.244251
1371,-40.556984,36,0.324139
1372,-35.668448,36,0.371283
1373,-50.706336,36,0.244507
1374,-50.224019,36,0.247805
1376,-51.771053,36,0.237382
1377,-59.053018,36,0.193910
1378,-50.621652,36,0.245083
1380,-31.843160,36,0.412907
1381,-35.868939,36,0.369221
1382,-30.803090,36,0.425011
1385,-30.381555,36,0.430016
1390,-30.987254,36,0.422842
1395,-105.780573,36,0.052953
1396,-35.998253,36,0.367897
1398,-60.583015,36,0.185841
1399,-35.937750,36,0.368516
1400,-46.879114,36,0.271934
1402,-36.685825,36,0.360937
1403,-47.916081,36,0.264212
1405,-35.953171,36,0.368358
1406,-59.260193,36,0.192797
1408,-35.582428,36,0.372171
1409,-70.925658,36,0.139435
1412,-122.188042,36,0.033570
1414,-50.932758,36,0.242974
1415,-69.409919,36,0.145431
1416,-61.147329,36,0.182951
1418,-71.107556,36,0.138732
1419,-40.692398,36,0.322922
1420,-60.458516,36,0.186485
1421,-39.528289,36,0.333535
1422,-36.048726,36,0.367382
1424,-46.192847,36,0.277167
1425,-61.263493,36,0.182362
1426,-60.966488,36,0.183872
1427,-46.960418,36,0.271320
1430,-35.738396,36,0.370562
1432,-61.251031,36,0.182425
1435,-40.889357,36,0.321160
1436,-40.951387,36,0.320607
1437,-50.439351,36,0.246328
1438,-50.772413,36,0.244059
1439,-51.222605,36,0.241026
1440,-39.668012,36,0.332243
1442,-45.515327,36,0.282433
1443,-47.471096,36,0.267498
1445,-35.732287,36,0.370625
1447,-39.263630,36,0.335996
1448,-49.943483,36,0.249744
1449,-105.579007,36,0.053250
1451,-45.864084,36,0.279710
1452,-37.219797,36,0.355623
1453,-30.426450,36,0.429480
1455,-50.691075,36,0.244611
1456,-58.545100,36,0.196665
1457,-46.238221,36,0.276818
1458,-30.708151,36,0.426133
1459,-35.618294,36,0.371801
1461,-35.358886,36,0.374490
1462,-68.781320,36,0.147993
1463,-40.596266,36,0.323785
1464,-39.140753,36,0.337145
1466,-45.525545,36,0.282353
1467,-40.700420,36,0.322850
1468,-50.416845,36,0.246482
1469,-36.855147,36,0.359244
1471,-68.396911,36,0.149581
1472,-47.769280,36,0.265292
1473,-46.255643,36,0.276684
1474,-68.938694,36,0.147347
1477,-58.884446,36,0.194820
1478,-35.678196,36,0.371183
1479,-47.500776,36,0.267278
1480,-58.261197,36,0.198222
1481,-35.607344,36,0.371914
1482,-60.921245,36,0.184104
1483,-58.904437,36,0.194712
1486,-68.952820,36,0.147289
1487,-105.694577,36,0.053080
1488,-41.017943,36,0.320015
1489,-58.953840,36,0.194445
1490,-61.362461,36,0.181861
1492,-35.546764,36,0.372540
1493,-59.386178,36,0.192124
1494,-35.780635,36,0.370128
1495,-46.991986,36,0.271082
1497,-45.517023,36,0.282419
1498,-61.039194,36,0.183501
1499,-37.158180,36,0.356233
1500,-30.453210,36,0.429161
1502,-36.648702,36,0.361310
1503,-36.005049,36,0.367828
1507,-30.088283,36,0.433534
1508,-35.957132,36,0.368318
1509,-35.662400,36,0.371346
1511,-39.280371,36,0.335840
1514,-59.211234,36,0.193060
1515,-59.551451,36,0.191244
1517,-59.099948,36,0.193657
1520,-50.191360,36,0.248030
1521,-47.578715,36,0.266700
1523,-47.620089,36,0.266394
1524,-38.951793,36,0.338919
1525,-122.805662,36,0.032999
1526,-35.367693,36,0.374398
1527,-68.017793,36,0.151165
1528,-35.456659,36,0.373474
1529,-38.961013,36,0.338832
1533,-68.117375,36,0.150747
1534,-45.471029,36,0.282781
1537,-45.449104,36,0.282953
1538,-36.224051,36,0.365597
1539,-35.505588,36,0.372967
1540,-35.999346,36,0.367886
1541,-47.323238,36,0.268599
1543,-47.679266,36,0.265956
1544,-45.736022,36,0.280707
1545,-39.687919,36,0.332059
1549,-174.231228,36,0.007909
1551,-52.551418,36,0.232292
1552,-49.731487,36,0.251219
1553,-39.103341,36,0.337495
1555,-52.216692,36,0.234462
1557,-35.499346,36,0.373031
1558,-39.210335,36,0.336494
1559,-45.868153,36,0.279678
1560,-35.970512,36,0.368181
1561,-35.894887,36,0.368955
1562,-36.912575,36,0.358671
1563,-60.757411,36,0.184943
1564,-40.583338,36,0.323902
1567,-35.845030,36,0.369466
1571,-36.632463,36,0.361473
1572,-37.057071,36,0.357234
1573,-50.779260,36,0.244013
1575,-98.644540,36,0.064562
1576,-47.329692,36,0.268551
1577,-47.174456,36,0.269712
1578,-47.409857,36,0.267954
1579,-39.057131,36,0.337929
1580,-67.782994,36,0.152154
1581,-70.129148,36,0.142554
1582,-46.145197,36,0.277534
1583,-36.931167,36,0.358486
1585,-50.606818,36,0.245184
1586,-60.963652,36,0.183887
1587,-30.310376,36,0.430867
1588,-52.779052,36,0.230827
1589,-45.471283,36,0.282779
1590,-30.377853,36,0.430061
1591,-46.234671,36,0.276845
1593,-36.041889,36,0.367452
1594,-31.472835,36,0.417177
1595,-68.396828,36,0.149582
1596,-122.005627,36,0.033741
1597,-45.341779,36,0.283798
1598,-40.659207,36,0.323220
1599,-60.745065,36,0.185007
1600,-52.276549,36,0.234072
1601,-30.319592,36,0.430757
1602,-50.634743,36,0.244994
1603,-50.940578,36,0.242922
1605,-58.392485,36,0.197501
1606,-61.479505,36,0.181271
1608,-52.568291,36,0.232183
1609,-45.492202,36,0.282614
1610,-60.843887,36,0.184500
1612,-35.546959,36,0.372538
1614,-175.068477,36,0.007727
1615,-40.483246,36,0.324804
1616,-47.136562,36,0.269996
1617,-59.447527,36,0.191797
1618,-40.751096,36,0.322396
1619,-47.342182,36,0.268458
1621,-52.084934,36,0.235321
1622,-35.738874,36,0.370558
1623,-45.625267,36,0.281572
1624,-35.142352,36,0.376749
1626,-39.059498,36,0.337906
1628,-203.758553,36,0.003483
1629,-35.710451,36,0.370850
1630,-35.174201,36,0.376416
1631,-59.019653,36,0.194090
1632,-47.709589,36,0.265732
1633,-68.061588,36,0.150981
1634,-58.214139,36,0.198481
1637,-38.727261,36,0.341039
1638,-50.297382,36,0.247301
1639,-58.437978,36,0.197251
1640,-35.804828,36,0.369879
1642,-104.369102,36,0.055070
1643,-68.165188,36,0.150547
1644,-49.963470,36,0.249605
1645,-59.045719,36,0.193949
1646,-52.185674,36,0.234664
1647,-30.352403,36,0.430365
1648,-52.112445,36,0.235141
1651,-37.016863,36,0.357634
1652,-104.672741,36,0.054608
1653,-96.866904,36,0.067830
1654,-68.859809,36,0.147670
1656,-38.861422,36,0.339771
1657,-35.460510,36,0.373434
1658,-50.883286,36,0.243309
1660,-122.022326,36,0.033725
1662,-61.013919,36,0.183630
1663,-58.315783,36,0.197922
1664,-36.721483,36,0.360580
1665,-35.327444,36,0.374817
1666,-59.336873,36,0.192387
1667,-60.441206,36,0.186575
1668,-40.753695,36,0.322373
1671,-30.572578,36,0.427741
1672,-71.422959,36,0.137522
1673,-104.777511,36,0.054449
1674,-47.396162,36,0.268056
1676,-52.471352,36,0.232809
1677,-30.529218,36,0.428256
1678,-38.757601,36,0.340752
1679,-38.846840,36,0.339908
1680,-35.917814,36,0.368720
1681,-47.479027,36,0.267440
1682,-61.309436,36,0.182129
1683,-39.378265,36,0.334928
1684,-47.423794,36,0.267850
1685,-52.022055,36,0.235733
1686,-47.437271,36,0.267750
1688,-35.098243,36,0.377211
1689,-47.400843,36,0.268021
1690,-47.495397,36,0.267318
1691,-39.234154,36,0.336271
1692,-36.927782,36,0.358520
1693,-45.208662,36,0.284849
1694,-35.481455,36,0.373217
1695,-52.872855,36,0.230227
1696,-61.026264,36,0.183567
1697,-97.785879,36,0.066121
1698,-68.161214,36,0.150564
1699,-47.666908,36,0.266047
1700,-35.438944,36,0.373658
1701,-68.855380,36,0.147689
1702,-47.442341,36,0.267712
1703,-35.086739,36,0.377331
1704,-58.704115,36,0.195798
1705,-59.195848,36,0.193142
1706,-52.134082,36,0.235000
1707,-35.367906,36,0.374396
1708,-40.582225,36,0.323912
1709,-38.874710,36,0.339645
1710,-47.906123,36,0.264285
1712,-36.134012,36,0.366513
1713,-60.374670,36,0.186920
1715,-40.876204,36,0.321277
1717,-36.275804,36,0.365072
1718,-36.103471,36,0.366824
1720,-60.652499,36,0.185483
1721,-35.818607,36,0.369738
1722,-45.350549,36,0.283729
1723,-60.938838,36,0.184014
1724,-52.217290,36,0.234458
1725,-36.835296,36,0.359442
1726,-44.958850,36,0.286832
1727,-52.725039,36,0.231174
1728,-51.163664,36,0.241421
1729,-40.902766,36,0.321041
1730,-50.995302,36,0.242553
1731,-35.256400,36,0.375557
1732,-52.224117,36,0.234413
1733,-61.079805,36,0.183294
1734,-47.575194,36,0.266726
1735,-30.864327,36,0.424288
1736,-30.840599,36,0.424568
1737,-52.261325,36,0.234171
1738,-35.451902,36,0.373523
1739,-35.273167,36,0.375382
1741,-36.943260,36,0.358366
1742,-61.584026,36,0.180745
1743,-46.543642,36,0.274479
1744,-60.992702,36,0.183739
1745,-35.674004,36,0.371226
1746,-69.401881,36,0.145464
1748,-46.543475,36,0.274481
1749,-69.573458,36,0.144772
1750,-40.722962,36,0.322648
1752,-49.953674,36,0.249673
1753,-71.385928,36,0.137664
1754,-36.915787,36,0.358639
1755,-47.585595,36,0.266649
1756,-52.458013,36,0.232895
1757,-30.244064,36,0.431662
1758,-52.184369,36,0.234672
1759,-35.851634,36,0.369399
1760,-104.492233,36,0.054882
1761,-59.450519,36,0.191781
1762,-47.443357,36,0.267705
1763,-37.318398,36,0.354651
1764,-36.027177,36,0.367602
1765,-35.411517,36,0.373942
1769,-30.467128,36,0.428995
1770,-58.538632,36,0.196700
1771,-60.898337,36,0.184221
1774,-45.302941,36,0.284104
1775,-35.840487,36,0.369513
1776,-37.018762,36,0.357615
1777,-58.942935,36,0.194504
1778,-38.884333,36,0.339555
1779,-60.637297,36,0.185561
1780,-36.881571,36,0.358980
1781,-36.922065,36,0.358577
1782,-97.280226,36,0.067056
1783,-52.173336,36,0.234744
1784,-36.912398,36,0.358673
1785,-52.394987,36,0.233303
1787,-47.677826,36,0.265967
1788,-52.485266,36,0.232719
1789,-58.303907,36,0.197987
1790,-50.603377,36,0.245208
1791,-52.412516,36,0.233190
1792,-58.361808,36,0.197669
1793,-59.278905,36,0.192697
1794,-35.336076,36,0.374727
1795,-46.453795,36,0.275165
1796,-35.833140,36,0.369589
1798,-39.140013,36,0.337152
1799,-58.701773,36,0.195811
1800,-35.281173,36,0.375299
1801,-59.550207,36,0.191250
1802,-40.725476,36,0.322625
1803,-35.113654,36,0.377049
1804,-35.289418,36,0.375213
1805,-40.936578,36,0.320739
1806,-38.913193,36,0.339283
1807,-60.818932,36,0.184628
1808,-121.352128,36,0.034359
1809,-59.532123,36,0.191346
1811,-35.808838,36,0.369838
1812,-51.028710,36,0.242328
1813,-36.730728,36,0.360487
1815,-34.751542,36,0.380861
1816,-47.287751,36,0.268864
1817,-40.839469,36,0.321605
1818,-58.492286,36,0.196954
1819,-45.900820,36,0.279425
1820,-30.716676,36,0.426032
1821,-60.835446,36,0.184543
1822,-40.369844,36,0.325828
1824,-105.730385,36,0.053027
1825,-52.044879,36,0.235583
1826,-69.023101,36,0.147002
1827,-47.873456,36,0.264525
1828,-30.272445,36,0.431322
1829,-45.489190,36,0.282638
1830,-39.095365,36,0.337570
1831,-35.742464,36,0.370521
1832,-50.298988,36,0.247290
1833,-35.304230,36,0.375059
1834,-47.601971,36,0.266528
1836,-45.476233,36,0.282740
1837,-36.565993,36,0.362141
1839,-58.245638,36,0.198308
1840,-59.127795,36,0.193508
1841,-30.318608,36,0.430769
1842,-51.647912,36,0.238195
1844,-35.883519,36,0.369072
1845,-30.202382,36,0.432162
1846,-51.233721,36,0.240952
1847,-47.682865,36,0.265930
1848,-60.384980,36,0.186867
1849,-50.297421,36,0.247301
1851,-35.290511,36,0.375202
1853,-36.209800,36,0.365742
1855,-45.186713,36,0.285023
1856,-30.566308,36,0.427815
1857,-30.426053,36,0.429485
1859,-35.418756,36,0.373867
1860,-60.906374,36,0.184180
1862,-40.661086,36,0.323203
1863,-30.411586,36,0.429658
1864,-60.718059,36,0.185146
1867,-30.207932,36,0.432095
1868,-36.625551,36,0.361542
1869,-47.930974,36,0.264103
1870,-35.999160,36,0.367888
1871,-46.262093,36,0.276635
1872,-122.458244,36,0.033319
1873,-96.824825,36,0.067910
1874,-46.490900,36,0.274882
1876,-35.780903,36,0.370125
1877,-51.206698,36,0.241133
1878,-50.607946,36,0.245177
1881,-69.495325,36,0.145086
1882,-35.695779,36,0.371001
1883,-45.252359,36,0.284503
1884,-35.756374,36,0.370377
1887,-36.097740,36,0.366882
1888,-52.445420,36,0.232977
1889,-49.893298,36,0.250092
1891,-60.607219,36,0.185717
1892,-50.229288,36,0.247769
1894,-30.317968,36,0.430777
1895,-61.029777,36,0.183549
1896,-46.204836,36,0.277075
1898,-47.651110,36,0.266164
1899,-35.343553,36,0.374649
1901,-68.237261,36,0.150246
1902,-68.980593,36,0.147176
1903,-30.759807,36,0.425522
1904,-47.689212,36,0.265883
1910,-60.744117,36,0.185012
1911,-51.119608,36,0.241717
1912,-45.662314,36,0.281282
1913,-36.966504,36,0.358134
1915,-35.986087,36,0.368022
1916,-58.298493,36,0.198017
1917,-38.652532,36,0.341748
1918,-35.654575,36,0.371426
1919,-39.715716,36,0.331803
1920,-47.333549,36,0.268522
1923,-38.863887,36,0.339748
1924,-52.255476,36,0.234209
1925,-30.407426,36,0.429707
1928,-30.718280,36,0.426013
1930,-45.371827,36,0.283561
1931,-58.849567,36,0.195009
1932,-30.396337,36,0.429840
1933,-61.183953,36,0.182765
1934,-51.064604,36,0.242086
1935,-35.965350,36,0.368234
1936,-51.108119,36,0.241794
1937,-50.298997,36,0.247290
1938,-47.280732,36,0.268917
1939,-52.109464,36,0.235161
1940,-60.895434,36,0.184236
1941,-201.312860,36,0.003727
1942,-45.896808,36,0.279456
1943,-121.492302,36,0.034225
1944,-46.025418,36,0.278459
1945,-59.313190,36,0.192514
1947,-51.275730,36,0.240671
1948,-50.481713,36,0.246038
1949,-58.833437,36,0.195096
1950,-30.255463,36,0.431525
1952,-175.529908,36,0.007629
1953,-41.156847,36,0.318783
1954,-45.095936,36,0.285742
1956,-50.653524,36,0.244866
1959,-36.103390,36,0.366824
1960,-50.095250,36,0.248693
1961,-46.275647,36,0.276530
1962,-61.047955,36,0.183457
1963,-45.953178,36,0.279019
1965,-67.762688,36,0.152240
1966,-36.020831,36,0.367667
1968,-47.445109,36,0.267692
1970,-39.460384,36,0.334165
1972,-36.048092,36,0.367388
1973,-50.359460,36,0.246875
1974,-35.974727,36,0.368138
1975,-36.150788,36,0.366342
1976,-52.400725,36,0.233266
1977,-47.206039,36,0.269475
1978,-35.866953,36,0.369242
1982,-30.637435,36,0.426971
1983,-60.800711,36,0.184721
1985,-36.889430,36,0.358902
1986,-45.895727,36,0.279464
1987,-52.146394,36,0.234920
1993,-39.606680,36,0.332809
1995,-35.870300,36,0.369207
1997,-35.619737,36,0.371786
1999,-61.174927,36,0.182811
2000,-40.738880,36,0.322505
2001,-35.531806,36,0.372695
2003,-45.929653,36,0.279201
2004,-35.789410,36,0.370038
2005,-35.759402,36,0.370346
2006,-52.392991,36,0.233316
2007,-35.820776,36,0.369715
2008,-59.440449,36,0.191834
2009,-106.026766,36,0.052592
2010,-36.659471,36,0.361202
2011,-36.227862,36,0.365558
2012,-60.630813,36,0.185595
2013,-38.976203,36,0.338689
2014,-47.120449,36,0.270117
2015,-60.570672,36,0.185905
2016,-46.122607,36,0.277708
2017,-46.168589,36,0.277354
2018,-59.100123,36,0.193656
2019,-49.810310,36,0.250670
2021,-35.305813,36,0.375042
2023,-50.177629,36,0.248125
2024,-39.516250,36,0.333646
2025,-58.778720,36,0.195393
2026,-45.365826,36,0.283608
2027,-52.553241,36,0.232280
2028,-59.381040,36,0.192151
2029,-35.398976,36,0.374073
2030,-47.521358,36,0.267125
2031,-50.973544,36,0.242699
2032,-35.651132,36,0.371462
2033,-50.592408,36,0.245283
2035,-35.531525,36,0.372698
2036,-60.810756,36,0.184669
2037,-69.141038,36,0.146521
2038,-40.805786,36,0.321907
2039,-105.853227,36,0.052846
2040,-105.810718,36,0.052909
2041,-59.036689,36,0.193998
2042,-58.732886,36,0.195642
2043,-35.748906,36,0.370454
2044,-35.571861,36,0.372281
2045,-35.788231,36,0.370050
2046,-40.816990,36,0.321806
2047,-50.165006,36,0.248212
2049,-47.255183,36,0.269108
2050,-40.885079,36,0.321198
2053,-45.536803,36,0.282264
2054,-105.020673,36,0.054083
2055,-46.198354,36,0.277125
2056,-47.665707,36,0.266056
2057,-39.718843,36,0.331774
2058,-45.429849,36,0.283104
2059,-30.776546,36,0.425324
2060,-50.982600,36,0.242638
2061,-59.106574,36,0.193622
2062,-39.177763,36,0.336798
2063,-49.663814,36,0.251692
2065,-121.806869,36,0.033928
2066,-46.739704,36,0.272989
2067,-35.402731,36,0.374034
2068,-58.218765,36,0.198456
2069,-39.732095,36,0.331652
2070,-30.268494,36,0.431369
2071,-68.291499,36,0.150020
2075,-59.334374,36,0.192400
2076,-58.554096,36,0.196616
2077,-38.846626,36,0.339910
2078,-174.373955,36,0.007878
2080,-30.411953,36,0.429653
2081,-46.618184,36,0.273912
2082,-69.058158,36,0.146859
2083,-46.230076,36,0.276881
2084,-39.168471,36,0.336885
2085,-39.131502,36,0.337231
2086,-30.386992,36,0.429951
2087,-35.483706,36,0.373193
2088,-35.338540,36,0.374701
2089,-35.115887,36,0.377026
2090,-50.633401,36,0.245003
2092,-45.282202,36,0.284268
2093,-58.461169,36,0.197124
2094,-30.206298,36,0.432115
2095,-49.881955,36,0.250171
2096,-38.976032,36,0.338691
2097,-30.516961,36,0.428402
2098,-59.008476,36,0.194150
2100,-30.129267,36,0.433040
2102,-50.142956,36,0.248364
2103,-45.725947,36,0.280785
2104,-30.163551,36,0.432628
2105,-46.380339,36,0.275727
2106,-39.903818,36,0.330074
2107,-106.483985,36,0.051928
2109,-30.287956,36,0.431136
2111,-35.976405,36,0.368121
2112,-35.248796,36,0.375637
2113,-45.608541,36,0.281702
2114,-35.284141,36,0.375268
2115,-35.217329,36,0.375965
2116,-59.721371,36,0.190343
2117,-59.563531,36,0.191179
2118,-122.741384,36,0.033058
2119,-35.088126,36,0.377317
2120,-46.137202,36,0.277596
2121,-38.943608,36,0.338996
2122,-35.334640,36,0.374742
2124,-49.947496,36,0.249716
2125,-35.853656,36,0.369378
2126,-35.670795,36,0.371259
2129,-49.803880,36,0.250714
2130,-46.279084,36,0.276504
2131,-36.915202,36,0.358645
2132,-46.370543,36,0.275802
2133,-31.060081,36,0.421987
2135,-39.815952,36,0.330880
2136,-35.765355,36,0.370285
2139,-35.277835,36,0.375334
2140,-35.327759,36,0.374814
2141,-36.071627,36,0.367148
2142,-30.077538,36,0.433663
2143,-38.868080,36,0.339708
2144,-30.455235,36,0.429137
2145,-50.231656,36,0.247753
2146,-50.158130,36,0.248259
2147,-35.014009,36,0.378094
2148,-50.858934,36,0.243473
2149,-50.545027,36,0.245606
2152,-58.516247,36,0.196823
2153,-38.977859,36,0.338674
2154,-39.123197,36,0.337309
2155,-58.302218,36,0.197996
2157,-104.794447,36,0.054424
2158,-38.807497,36,0.340280
2159,-45.199164,36,0.284924
2161,-58.201866,36,0.198549
2162,-30.453754,36,0.429155
2163,-58.069185,36,0.199282
2164,-30.416954,36,0.429594
2165,-30.455591,36,0.429133
2166,-35.293265,36,0.375173
2167,-30.984774,36,0.422871
2168,-35.800375,36,0.369925
2169,-30.276515,36,0.431273
2170,-35.161438,36,0.376549
2171,-107.242242,36,0.050846
2172,-59.804844,36,0.189902
2173,-59.182776,36,0.193212
2174,-68.928598,36,0.147389
2175,-35.570422,36,0.372296
2177,-30.281674,36,0.431211
2179,-58.552311,36,0.196626
2180,-104.809350,36,0.054401
2181,-50.036984,36,0.249096
2182,-68.961262,36,0.147255
2183,-45.361011,36,0.283646
2184,-58.682652,36,0.195915
2185,-30.240042,36,0.431710
2186,-35.307434,36,0.375025
2187,-36.021279,36,0.367662
2188,-50.513499,36,0.245821
2189,-30.810603,36,0.424922
2191,-51.041785,36,0.242240
2192,-45.113734,36,0.285601
2193,-69.144792,36,0.146506
2194,-35.568162,36,0.372319
2195,-45.370226,36,0.283573
2196,-58.223358,36,0.198431
2197,-35.106031,36,0.377129
2198,-31.168109,36,0.420723
2199,-35.011741,36,0.378118
2200,-59.220667,36,0.193009
2201,-58.412422,36,0.197391
2202,-35.889761,36,0.369008
2203,-30.050179,36,0.433993
2204,-38.909854,36,0.339314
2205,-49.960867,36,0.249623
2207,-35.340507,36,0.374681
2208,-35.322795,36,0.374865
2209,-30.094395,36,0.433460
2210,-30.248075,36,0.431614
2211,-30.318433,36,0.430771
2212,-50.611369,36,0.245153
2216,-35.405120,36,0.374009
2217,-58.582442,36,0.196461
2218,-35.273399,36,0.375380
2219,-38.936935,36,0.339059
2220,-49.962430,36,0.249613
2221,-35.818554,36,0.369738
2223,-122.732310,36,0.033067
2224,-59.279825,36,0.192692
2225,-58.378498,36,0.197577
2226,-35.583141,36,0.372164
2227,-59.442353,36,0.191824
2228,-45.704089,36,0.280956
2229,-68.669710,36,0.148452
2230,-50.110748,36,0.248586
2232,-123.805854,36,0.032095
2235,-46.025404,36,0.278459
2236,-35.320528,36,0.374889
2238,-39.030989,36,0.338174
2239,-35.921446,36,0.368683
2240,-52.497824,36,0.232638
2241,-39.465448,36,0.334118
2242,-175.479770,36,0.007639
2243,-98.160597,36,0.065436
2244,-58.440597,36,0.197237
2245,-30.234827,36,0.431773
2246,-50.061932,36,0.248924
2247,-46.158369,36,0.277433
2248,-30.411694,36,0.429656
2249,-50.015586,36,0.249244
2250,-50.389891,36,0.246666
2251,-35.139902,36,0.376775
2252,-59.667926,36,0.190626
2253,-30.399854,36,0.429798
2254,-35.348099,36,0.374602
2255,-50.951110,36,0.242851
2256,-30.301178,36,0.430978
2257,-45.520293,36,0.282394
2259,-58.268045,36,0.198185
2260,-68.106818,36,0.150792
2261,-35.420754,36,0.373847
2263,-35.531769,36,0.372695
2264,-35.651010,36,0.371463
2265,-35.412959,36,0.373928
2266,-58.039944,36,0.199444
2267,-39.013388,36,0.338340
2268,-46.237133,36,0.276826
2269,-58.882587,36,0.194830
2270,-59.432736,36,0.191875
2271,-35.372210,36,0.374351
2272,-39.686739,36,0.332070
2273,-35.439609,36,0.373651
2274,-35.912616,36,0.368773
2275,-104.225866,36,0.055290
2276,-29.941895,36,0.435300
2277,-38.863455,36,0.339752
2278,-46.559534,36,0.274358
2279,-45.517039,36,0.282419
2280,-59.159392,36,0.193338
2281,-50.906075,36,0.243155
2282,-49.949912,36,0.249699
2283,-35.235929,36,0.375771
2284,-30.272993,36,0.431315
2285,-38.990749,36,0.338552
2286,-35.141320,36,0.376760
2287,-35.380850,36,0.374261
2288,-38.863928,36,0.339747
2289,-30.866556,36,0.424262
2290,-50.741333,36,0.244270
2291,-35.061969,36,0.377591
2292,-35.366382,36,0.374412
2293,-51.165498,36,0.241409
2294,-50.278648,36,0.247430
2295,-67.985524,36,0.151301
2296,-35.439475,36,0.373652
2297,-49.993309,36,0.249399
2298,-35.387926,36,0.374188
2299,-59.726774,36,0.190315
2300,-35.276145,36,0.375351
2301,-39.315456,36,0.335513
2302,-59.746847,36,0.190208
2303,-50.115407,36,0.248554
2304,-38.807251,36,0.340282
2305,-45.551713,36,0.282147
2306,-50.248870,36,0.247634
2307,-46.257260,36,0.276672
2308,-59.250737,36,0.192848
2309,-30.857555,36,0.424368
2310,-45.109686,36,0.285633
2311,-30.368455,36,0.430173
2312,-49.838691,36,0.250472
2313,-172.698184,36,0.008253
2314,-35.330326,36,0.374787
2315,-30.070202,36,0.433752
2316,-46.990318,36,0.271095
2317,-49.975715,36,0.249520
2318,-106.297682,36,0.052198
2319,-39.005788,36,0.338411
2321,-35.418256,36,0.373873
2322,-35.988211,36,0.368000
2323,-35.388604,36,0.374181
2324,-35.136625,36,0.376809
2325,-39.036327,36,0.338124
2326,-174.230139,36,0.007909
2327,-203.475702,36,0.003510
2328,-50.912029,36,0.243114
2329,-104.187463,36,0.055349
2330,-30.432042,36,0.429414
2331,-35.504742,36,0.372975
2334,-68.017901,36,0.151165
2335,-39.645040,36,0.332455
2336,-30.812127,36,0.424904
2337,-50.957511,36,0.242807
2338,-50.122167,36,0.248507
2339,-97.388631,36,0.066854
2340,-39.661997,36,0.332298
2341,-30.274457,36,0.431298
2343,-35.396347,36,0.374100
2345,-46.008520,36,0.278590
2346,-174.845461,36,0.007775
2347,-59.664813,36,0.190642
2348,-67.949844,36,0.151451
2350,-58.582646,36,0.196460
2351,-58.529764,36,0.196749
2352,-36.102324,36,0.366835
2353,-58.309374,36,0.197957
2354,-59.386618,36,0.192121
2355,-35.256640,36,0.375555
2357,-36.187271,36,0.365971
2358,-124.298012,36,0.031659
2359,-39.272404,36,0.335914
2360,-50.754492,36,0.244181
2362,-30.872876,36,0.424187
2366,-46.495926,36,0.274843
2368,-104.901289,36,0.054262
2369,-104.773245,36,0.054456
2370,-49.644340,36,0.251828
2372,-97.485582,36,0.066674
2373,-39.138867,36,0.337162
2374,-68.835404,36,0.147771
2375,-49.946884,36,0.249720
2376,-50.919767,36,0.243062
2377,-35.548397,36,0.372523
2378,-58.651987,36,0.196082
2379,-35.587468,36,0.372119
2380,-35.362066,36,0.374457
2381,-68.057681,36,0.150998
2382,-35.268012,36,0.375436
2383,-46.585044,36,0.274164
2384,-59.048500,36,0.193934
2386,-39.799460,36,0.331032
2387,-58.918898,36,0.194634
2388,-58.161458,36,0.198772
2389,-35.821213,36,0.369711
2391,-38.933603,36,0.339090
2392,-39.878349,36,0.330307
2393,-97.246353,36,0.067119
2395,-35.092912,36,0.377267
2396,-45.825631,36,0.280009
2397,-30.355511,36,0.430328
2398,-59.202347,36,0.193107
2401,-39.950677,36,0.329644
2402,-59.303888,36,0.192563
2403,-30.404432,36,0.429743
2404,-30.833592,36,0.424651
2405,-46.556061,36,0.274385
2406,-35.374500,36,0.374327
2407,-68.786306,36,0.147972
2408,-50.717724,36,0.244430
2409,-35.614875,36,0.371836
2412,-30.399125,36,0.429807
2414,-45.347996,36,0.283749
2415,-67.323520,36,0.154109
2416,-35.079402,36,0.377408
2418,-122.551520,36,0.033233
2420,-68.222364,36,0.150308
2421,-45.453841,36,0.282916
